Workbook

Sheet DADOS
A1: ROW_ID | B1: DATA_HORA | C1: EVENTO | D1: SERIE | E1: CONJUNTO | F1: nivel_86510000_t | G1: vel_nivel_86472000_D6h | H1: vel_nivel_86298000_D15h | I1: vel_nivel_86510000_D2h | J1: vel_nivel_86510000_D1h | K1: vel_nivel_86510000_D3h | L1: vel_nivel_86510000_D4h | M1: vel_nivel_86472000_D5h | N1: OBSERVADO_CM | O1: RNA_CM | P1: PERS_CM | Q1: ERRO_RNA_CM | R1: ERRO_ABS_CM | S1: E2_RNA | T1: E2_PERS
A2: 11275 | B2: 45050.833 | C2: 19 | D2: 1 | E2: Treino | F2: 285 | G2: 69 | H2: -81 | I2: 19 | J2: 10 | K2: 27 | L2: 36 | M2: 56 | N2: 330 | O2: 330.06758 | P2: 285 | Q2: =O2-N2 | R2: =ABS(Q2) | S2: =(N2-O2)^2 | T2: =(N2-P2)^2
A3: 11276 | B3: 45050.875 | C3: 19 | D3: 1 | E3: Treino | F3: 296 | G3: 42 | H3: -75 | I3: 21 | J3: 11 | K3: 30 | L3: 38 | M3: 30 | N3: 332 | O3: 328.77198 | P3: 296 | Q3: =O3-N3 | R3: =ABS(Q3) | S3: =(N3-O3)^2 | T3: =(N3-P3)^2
A4: 11277 | B4: 45050.917 | C4: 19 | D4: 1 | E4: Treino | F4: 308 | G4: 42 | H4: -70 | I4: 23 | J4: 12 | K4: 33 | L4: 42 | M4: 31 | N4: 333 | O4: 341.83768 | P4: 308 | Q4: =O4-N4 | R4: =ABS(Q4) | S4: =(N4-O4)^2 | T4: =(N4-P4)^2
A5: 11279 | B5: 45051 | C5: 19 | D5: 1 | E5: Treino | F5: 330 | G5: 45 | H5: -64 | I5: 22 | J5: 8 | K5: 34 | L5: 45 | M5: 26 | N5: 351 | O5: 352.45827 | P5: 330 | Q5: =O5-N5 | R5: =ABS(Q5) | S5: =(N5-O5)^2 | T5: =(N5-P5)^2
A6: 11280 | B6: 45051.042 | C6: 19 | D6: 1 | E6: Treino | F6: 332 | G6: 33 | H6: -61 | I6: 10 | J6: 2 | K6: 24 | L6: 36 | M6: 34 | N6: 360 | O6: 347.28467 | P6: 332 | Q6: =O6-N6 | R6: =ABS(Q6) | S6: =(N6-O6)^2 | T6: =(N6-P6)^2
A7: 11281 | B7: 45051.083 | C7: 19 | D7: 1 | E7: Treino | F7: 333 | G7: 39 | H7: -56 | I7: 3 | J7: 1 | K7: 11 | L7: 25 | M7: 53 | N7: 372 | O7: 356.50836 | P7: 333 | Q7: =O7-N7 | R7: =ABS(Q7) | S7: =(N7-O7)^2 | T7: =(N7-P7)^2
A8: 11282 | B8: 45051.125 | C8: 19 | D8: 1 | E8: Treino | F8: 341 | G8: 86 | H8: -47 | I8: 9 | J8: 8 | K8: 11 | L8: 19 | M8: 74 | N8: 385 | O8: 396.29244 | P8: 341 | Q8: =O8-N8 | R8: =ABS(Q8) | S8: =(N8-O8)^2 | T8: =(N8-P8)^2
A9: 11284 | B9: 45051.208 | C9: 19 | D9: 1 | E9: Treino | F9: 360 | G9: 48 | H9: -33 | I9: 19 | J9: 9 | K9: 27 | L9: 28 | M9: 36 | N9: 395 | O9: 394.23566 | P9: 360 | Q9: =O9-N9 | R9: =ABS(Q9) | S9: =(N9-O9)^2 | T9: =(N9-P9)^2
A10: 11286 | B10: 45051.292 | C10: 19 | D10: 1 | E10: Treino | F10: 385 | G10: 9 | H10: -20 | I10: 25 | J10: 13 | K10: 34 | L10: 44 | M10: 4 | N10: 382 | O10: 405.19046 | P10: 385 | Q10: =O10-N10 | R10: =ABS(Q10) | S10: =(N10-O10)^2 | T10: =(N10-P10)^2
A11: 11287 | B11: 45051.333 | C11: 19 | D11: 1 | E11: Treino | F11: 394 | G11: -4 | H11: -16 | I11: 22 | J11: 9 | K11: 34 | L11: 43 | M11: -37 | N11: 374 | O11: 388.36628 | P11: 394 | Q11: =O11-N11 | R11: =ABS(Q11) | S11: =(N11-O11)^2 | T11: =(N11-P11)^2
A12: 11288 | B12: 45051.375 | C12: 19 | D12: 1 | E12: Treino | F12: 395 | G12: -43 | H12: -13 | I12: 10 | J12: 1 | K12: 23 | L12: 35 | M12: -46 | N12: 369 | O12: 371.64317 | P12: 395 | Q12: =O12-N12 | R12: =ABS(Q12) | S12: =(N12-O12)^2 | T12: =(N12-P12)^2
A13: 11289 | B13: 45051.417 | C13: 19 | D13: 1 | E13: Treino | F13: 389 | G13: -50 | H13: -10 | I13: -5 | J13: -6 | K13: 4 | L13: 17 | M13: -38 | N13: 364 | O13: 355.70195 | P13: 389 | Q13: =O13-N13 | R13: =ABS(Q13) | S13: =(N13-O13)^2 | T13: =(N13-P13)^2
... A2618: 19840 | B2618: 45913.917 | C2618: 32 | D2618: 1 | E2618: Treino | F2618: 276 | G2618: 101 | H2618: -7 | I2618: 11 | J2618: 8 | K2618: 8 | L2618: -3 | M2618: 98 | N2618: 371 | O2618: 353.46794 | P2618: 276 | Q2618: =O2618-N2618 | R2618: =ABS(Q2618) | S2618: =(N2618-O2618)^2 | T2618: =(N2618-P2618)^2

Sheet METRICAS
A1: metrica | B1: geral | C1: treino | D1: validacao | E1: teste | F1: fonte
A2: N linhas | B2: =COUNT('DADOS'!$A$2:$A$2618) | C2: =COUNTIF('DADOS'!$D$2:$D$2618,1) | D2: =COUNTIF('DADOS'!$D$2:$D$2618,2) | E2: =COUNTIF('DADOS'!$D$2:$D$2618,3) | F2: Excel
A3: PERS | B3: =1-SUM('DADOS'!$S$2:$S$2618)/SUM('DADOS'!$T$2:$T$2618) | C3: =1-SUMIF('DADOS'!$D$2:$D$2618,1,'DADOS'!$S$2:$S$2618)/SUMIF('DADOS'!$D$2:$D$2618,1,'DADOS'!$T$2:$T$2618) | D3: =1-SUMIF('DADOS'!$D$2:$D$2618,2,'DADOS'!$S$2:$S$2618)/SUMIF('DADOS'!$D$2:$D$2618,2,'DADOS'!$T$2:$T$2618) | E3: =1-SUMIF('DADOS'!$D$2:$D$2618,3,'DADOS'!$S$2:$S$2618)/SUMIF('DADOS'!$D$2:$D$2618,3,'DADOS'!$T$2:$T$2618) | F3: Excel
A4: MAE | B4: =AVERAGE('DADOS'!$R$2:$R$2618) | C4: =AVERAGEIF('DADOS'!$D$2:$D$2618,1,'DADOS'!$R$2:$R$2618) | D4: =AVERAGEIF('DADOS'!$D$2:$D$2618,2,'DADOS'!$R$2:$R$2618) | E4: =AVERAGEIF('DADOS'!$D$2:$D$2618,3,'DADOS'!$R$2:$R$2618) | F4: Excel
A5: NASH | B5: 0.9949123918 | C5: 0.9956164088 | D5: 0.9954434090 | E5: 0.9919663249 | F5: MATLAB
A6: E95 | B6: 34.9041620323 | C6: 32.6297609760 | D6: 28.1431153261 | E6: 60.5938107435 | F6: MATLAB
A7: CORR | B7: 0.9974617254 | C7: 0.9978075714 | D7: 0.9978505065 | E7: 0.9960395836 | F7: MATLAB

Sheet INPUTS
A1: ordem | B1: input
A2: 1 | B2: nivel_86510000_t
A3: 2 | B3: vel_nivel_86472000_D6h
A4: 3 | B4: vel_nivel_86298000_D15h
A5: 4 | B5: vel_nivel_86510000_D2h
A6: 5 | B6: vel_nivel_86510000_D1h
A7: 6 | B7: vel_nivel_86510000_D3h
A8: 7 | B8: vel_nivel_86510000_D4h
A9: 8 | B9: vel_nivel_86472000_D5h

Sheet RESUMO
A1: run_id | B1: MUC_H4_ALT_STC009_NOST_ANTAS_R7L_R7M012
A2: modelo_id | B2: MUC_H4_ALT_STC009_NOST_ANTAS
A3: rotacao_id | B3: R7L
A4: horizonte_h | B4: 4
A5: tipo_modelo | B5: ALT
A6: eventos_teste | B6: 21
A7: eventos_validacao | B7: 20,31
A8: eventos_fixos_treino | B8: 12,22,24,27
A9: n_inputs | B9: 8
A10: nh | B10: 16
A11: nit | B11: 10
A12: Cic | B12: 100000
A13: arquivo_mat | B13: D:\PREVINE\redes_neurais\mucum\RNA_MUC_MELHORIA_RODADA7_OPERACIONAL_2026_07_26\mat\MUC_H4_ALT_STC009_NOST_ANTAS_R7L_R7M012.mat
