Workbook

Sheet DADOS
A1: ROW_ID | B1: DATA_HORA | C1: EVENTO | D1: SERIE | E1: CONJUNTO | F1: nivel_86510000_t | G1: vel_nivel_86472600_D14h | H1: vel_nivel_86472000_D4h | I1: vel_nivel_86507000_D9h | J1: vel_nivel_86125130_D12h | K1: vel_nivel_86298000_D12h | L1: vel_nivel_86510000_D2h | M1: vel_nivel_86510000_D1h | N1: vel_nivel_86510000_D3h | O1: vel_nivel_86510000_D4h | P1: vel_nivel_86472600_D13h | Q1: vel_nivel_86472000_D5h | R1: vel_nivel_86507000_D10h | S1: vel_nivel_86125130_D13h | T1: vel_nivel_86125500_D1h | U1: OBSERVADO_CM | V1: RNA_CM | W1: PERS_CM | X1: ERRO_RNA_CM | Y1: ERRO_ABS_CM | Z1: E2_RNA | AA1: E2_PERS
A2: 11274 | B2: 45050.792 | C2: 19 | D2: 1 | E2: Treino | F2: 275 | G2: 21 | H2: 57 | I2: -12 | J2: 10 | K2: -65 | L2: 17 | M2: 9 | N2: 26 | O2: 36 | P2: 41 | Q2: 70 | R2: -15 | S2: 13 | T2: -1 | U2: 341 | V2: 309.4898 | W2: 275 | X2: =V2-U2 | Y2: =ABS(X2) | Z2: =(U2-V2)^2 | AA2: =(U2-W2)^2
A3: 11275 | B3: 45050.833 | C3: 19 | D3: 1 | E3: Treino | F3: 285 | G3: 53 | H3: 44 | I3: -9 | J3: 8 | K3: -63 | L3: 19 | M3: 10 | N3: 27 | O3: 36 | P3: 73 | Q3: 56 | R3: -12 | S3: 9 | T3: -1 | U3: 351 | V3: 318.10538 | W3: 285 | X3: =V3-U3 | Y3: =ABS(X3) | Z3: =(U3-V3)^2 | AA3: =(U3-W3)^2
A4: 11276 | B4: 45050.875 | C4: 19 | D4: 1 | E4: Treino | F4: 296 | G4: 88 | H4: 19 | I4: -8 | J4: 8 | K4: -60 | L4: 21 | M4: 11 | N4: 30 | O4: 38 | P4: 102 | Q4: 30 | R4: -10 | S4: 7 | T4: 0 | U4: 360 | V4: 315.97244 | W4: 296 | X4: =V4-U4 | Y4: =ABS(X4) | Z4: =(U4-V4)^2 | AA4: =(U4-W4)^2
A5: 11277 | B5: 45050.917 | C5: 19 | D5: 1 | E5: Treino | F5: 308 | G5: 110 | H5: 16 | I5: -6 | J5: 7 | K5: -58 | L5: 23 | M5: 12 | N5: 33 | O5: 42 | P5: 114 | Q5: 31 | R5: -8 | S5: 7 | T5: 0 | U5: 372 | V5: 328.91933 | W5: 308 | X5: =V5-U5 | Y5: =ABS(X5) | Z5: =(U5-V5)^2 | AA5: =(U5-W5)^2
A6: 11279 | B6: 45051 | C6: 19 | D6: 1 | E6: Treino | F6: 330 | G6: 111 | H6: 27 | I6: -4 | J6: 3 | K6: -49 | L6: 22 | M6: 8 | N6: 34 | O6: 45 | P6: 109 | Q6: 26 | R6: -6 | S6: 5 | T6: 0 | U6: 394 | V6: 348.13351 | W6: 330 | X6: =V6-U6 | Y6: =ABS(X6) | Z6: =(U6-V6)^2 | AA6: =(U6-W6)^2
A7: 11280 | B7: 45051.042 | C7: 19 | D7: 1 | E7: Treino | F7: 332 | G7: 118 | H7: 48 | I7: -2 | J7: 0 | K7: -42 | L7: 10 | M7: 2 | N7: 24 | O7: 36 | P7: 106 | Q7: 34 | R7: -4 | S7: 2 | T7: 2 | U7: 395 | V7: 352.65931 | W7: 332 | X7: =V7-U7 | Y7: =ABS(X7) | Z7: =(U7-V7)^2 | AA7: =(U7-W7)^2
A8: 11281 | B8: 45051.083 | C8: 19 | D8: 1 | E8: Treino | F8: 333 | G8: 119 | H8: 41 | I8: -1 | J8: 0 | K8: -35 | L8: 3 | M8: 1 | N8: 11 | O8: 25 | P8: 104 | Q8: 53 | R8: -2 | S8: -1 | T8: 2 | U8: 389 | V8: 357.25726 | W8: 333 | X8: =V8-U8 | Y8: =ABS(X8) | Z8: =(U8-V8)^2 | AA8: =(U8-W8)^2
A9: 11282 | B9: 45051.125 | C9: 19 | D9: 1 | E9: Treino | F9: 341 | G9: 113 | H9: 57 | I9: -2 | J9: -1 | K9: -26 | L9: 9 | M9: 8 | N9: 11 | O9: 19 | P9: 104 | Q9: 74 | R9: -2 | S9: -1 | T9: 0 | U9: 382 | V9: 396.14903 | W9: 341 | X9: =V9-U9 | Y9: =ABS(X9) | Z9: =(U9-V9)^2 | AA9: =(U9-W9)^2
A10: 11284 | B10: 45051.208 | C10: 19 | D10: 1 | E10: Treino | F10: 360 | G10: 122 | H10: 29 | I10: -2 | J10: -7 | K10: -15 | L10: 19 | M10: 9 | N10: 27 | O10: 28 | P10: 116 | Q10: 36 | R10: -2 | S10: -6 | T10: 0 | U10: 369 | V10: 393.45237 | W10: 360 | X10: =V10-U10 | Y10: =ABS(X10) | Z10: =(U10-V10)^2 | AA10: =(U10-W10)^2
A11: 11286 | B11: 45051.292 | C11: 19 | D11: 1 | E11: Treino | F11: 385 | G11: 117 | H11: -29 | I11: -1 | J11: -13 | K11: -6 | L11: 25 | M11: 13 | N11: 34 | O11: 44 | P11: 107 | Q11: 4 | R11: -1 | S11: -12 | T11: 1 | U11: 360 | V11: 382.3131 | W11: 385 | X11: =V11-U11 | Y11: =ABS(X11) | Z11: =(U11-V11)^2 | AA11: =(U11-W11)^2
A12: 11287 | B12: 45051.333 | C12: 19 | D12: 1 | E12: Treino | F12: 394 | G12: 100 | H12: -40 | I12: -3 | J12: -13 | K12: -5 | L12: 22 | M12: 9 | N12: 34 | O12: 43 | P12: 89 | Q12: -37 | R12: -2 | S12: -14 | T12: 0 | U12: 356 | V12: 367.56532 | W12: 394 | X12: =V12-U12 | Y12: =ABS(X12) | Z12: =(U12-V12)^2 | AA12: =(U12-W12)^2
A13: 11288 | B13: 45051.375 | C13: 19 | D13: 1 | E13: Treino | F13: 395 | G13: 81 | H13: -34 | I13: -3 | J13: -12 | K13: -5 | L13: 10 | M13: 1 | N13: 23 | O13: 35 | P13: 69 | Q13: -46 | R13: -4 | S13: -13 | T13: 0 | U13: 355 | V13: 354.76626 | W13: 395 | X13: =V13-U13 | Y13: =ABS(X13) | Z13: =(U13-V13)^2 | AA13: =(U13-W13)^2
... A2590: 19840 | B2590: 45913.917 | C2590: 32 | D2590: 1 | E2590: Treino | F2590: 276 | G2590: -5 | H2590: 77 | I2590: -2 | J2590: -3 | K2590: -5 | L2590: 11 | M2590: 8 | N2590: 8 | O2590: -3 | P2590: -6 | Q2590: 98 | R2590: -3 | S2590: -2 | T2590: 1 | U2590: 371 | V2590: 349.22457 | W2590: 276 | X2590: =V2590-U2590 | Y2590: =ABS(X2590) | Z2590: =(U2590-V2590)^2 | AA2590: =(U2590-W2590)^2

Sheet METRICAS
A1: metrica | B1: geral | C1: treino | D1: validacao | E1: teste | F1: fonte
A2: N linhas | B2: =COUNT('DADOS'!$A$2:$A$2590) | C2: =COUNTIF('DADOS'!$D$2:$D$2590,1) | D2: =COUNTIF('DADOS'!$D$2:$D$2590,2) | E2: =COUNTIF('DADOS'!$D$2:$D$2590,3) | F2: Excel
A3: PERS | B3: =1-SUM('DADOS'!$Z$2:$Z$2590)/SUM('DADOS'!$AA$2:$AA$2590) | C3: =1-SUMIF('DADOS'!$D$2:$D$2590,1,'DADOS'!$Z$2:$Z$2590)/SUMIF('DADOS'!$D$2:$D$2590,1,'DADOS'!$AA$2:$AA$2590) | D3: =1-SUMIF('DADOS'!$D$2:$D$2590,2,'DADOS'!$Z$2:$Z$2590)/SUMIF('DADOS'!$D$2:$D$2590,2,'DADOS'!$AA$2:$AA$2590) | E3: =1-SUMIF('DADOS'!$D$2:$D$2590,3,'DADOS'!$Z$2:$Z$2590)/SUMIF('DADOS'!$D$2:$D$2590,3,'DADOS'!$AA$2:$AA$2590) | F3: Excel
A4: MAE | B4: =AVERAGE('DADOS'!$Y$2:$Y$2590) | C4: =AVERAGEIF('DADOS'!$D$2:$D$2590,1,'DADOS'!$Y$2:$Y$2590) | D4: =AVERAGEIF('DADOS'!$D$2:$D$2590,2,'DADOS'!$Y$2:$Y$2590) | E4: =AVERAGEIF('DADOS'!$D$2:$D$2590,3,'DADOS'!$Y$2:$Y$2590) | F4: Excel
A5: NASH | B5: 0.9803317809 | C5: 0.9856314063 | D5: 0.9770992998 | E5: 0.9601515849 | F5: MATLAB
A6: E95 | B6: 66.9659098547 | C6: 65.4409055578 | D6: 52.5307043039 | E6: 127.3517497274 | F6: MATLAB
A7: CORR | B7: 0.9910334721 | C7: 0.9938050078 | D7: 0.9918928990 | E7: 0.9815840971 | F7: MATLAB

Sheet INPUTS
A1: ordem | B1: input
A2: 1 | B2: nivel_86510000_t
A3: 2 | B3: vel_nivel_86472600_D14h
A4: 3 | B4: vel_nivel_86472000_D4h
A5: 4 | B5: vel_nivel_86507000_D9h
A6: 5 | B6: vel_nivel_86125130_D12h
A7: 6 | B7: vel_nivel_86298000_D12h
A8: 7 | B8: vel_nivel_86510000_D2h
A9: 8 | B9: vel_nivel_86510000_D1h
A10: 9 | B10: vel_nivel_86510000_D3h
A11: 10 | B11: vel_nivel_86510000_D4h
A12: 11 | B12: vel_nivel_86472600_D13h
A13: 12 | B13: vel_nivel_86472000_D5h
... A16: 15 | B16: vel_nivel_86125500_D1h

Sheet RESUMO
A1: run_id | B1: MUC_H8_ALT_STC019_M014
A2: modelo_id | B2: MUC_H8_ALT_STC019
A3: rotacao_id | B3: M014_A
A4: horizonte_h | B4: 8
A5: tipo_modelo | B5: ALT
A6: eventos_teste | B6: 21
A7: eventos_validacao | B7: 20,31
A8: eventos_fixos_treino | B8: 12,22,24,27
A9: n_inputs | B9: 15
A10: nh | B10: 30
A11: nit | B11: 10
A12: Cic | B12: 100000
A13: arquivo_mat | B13: D:\PREVINE\redes_neurais\mucum\RNA_MUC_MELHORIA_DIRIGIDA_2026_07_19\mat\MUC_H8_ALT_STC019_M014.mat
