Workbook

Sheet RESULTADO_REAPLICA
A1: Teste pontual | B1: 8h alt local_st_ant_itui ajustado
A2: Arquivo base | B2: D:\PREVINE\redes_neurais\RESULTADOS_CODEX\teste_pontual_8h_alt_ajuste_2026_06_23\01_8h_alt_local_st_ant_itui_AJUSTADO_REAPLICA_MODELO_ORIGINAL.xlsx
A3: Modelo reaplicado | B3: D:\PREVINE\redes_neurais\RESULTADOS_CODEX\teste_pontual_8h_alt_ajuste_2026_06_23\modelo_original_0739.mat
A4: Observacao | B4: RNA_CM foi recalculada na aba AUDITORIA com o modelo original; metricas abaixo foram calculadas em Python.
A6: Crit?rio | B6: N | C6: PERS | D6: NASH | E6: CORRELACAO | F6: MAE_CM | G6: RMSE_CM | H6: E95_CM
A7: GERAL_SERIE | B7: 671 | C7: 0.89109938 | D7: 0.97339218 | E7: 0.9868382 | F7: 42.495997 | G7: 65.675439 | H7: 151.04535
A8: VALIDACAO_SERIE_2 | B8: 48 | C8: 0.74830503 | D8: 0.68913454 | E8: 0.86374881 | F8: 49.946678 | G8: 78.190897 | H8: 191.41905
A9: TESTE_SERIE_3_MATLAB | B9: 94 | C9: 0.74729723 | D9: 0.88396859 | E9: 0.95436973 | F9: 60.014833 | G9: 89.884606 | H9: 219.60312
A10: TESTE_CONJUNTO_TEXTO | B10: 94 | C10: 0.74729723 | D10: 0.88396859 | E10: 0.95436973 | F10: 60.014833 | G10: 89.884606 | H10: 219.60312
A12: Contagem SERIE | B12: {np.int64(2): 48, np.int64(3): 94, np.int64(1): 529}
A13: Contagem CONJUNTO | B13: {'Validacao': 48, 'Teste': 94, 'Treino': 529}
A14: J do modelo original | B14: 39999

Sheet RESUMO
A1: Campo | B1: Valor
A2: Modelo | B2: local_st_ant_itui
A3: Grupo | B3: 8h_alt
A4: Horizonte | B4: 8h alternativa
A5: Criterio para entrar nesta pasta | B5: resultado bom e auditavel: tem inputs + observado + RNA
A6: Observacao | B6: Melhor 8h alt encontrado na varredura do D:; Santa Tereza + montante Ituim.
A7: Metrica destacada | B7: PERS_TESTE
A8: Valor destacado | B8: 0.73933196
A9: N inputs | B9: 5
A10: Linhas auditadas | B10: 1058
A11: Linhas de teste | B11: 198
A12: Fonte planilha | B12: C:\Users\Usuario\Documents\Codex\2026-06-06\agora-quero-come-ar-a-limpar\AUDITORIA_MELHORES_RESULTADOS_2026_06_22\10_varredura_C_D\04_D_8h_alt_filtrada_bacia\planilhas\teste_alt8h_filtrado_cheia356_bacia.xlsx
A13: Aba fonte | B13: local_st_ant_itui
A14: Fonte MAT | B14: C:\Users\Usuario\Documents\Codex\2026-06-06\agora-quero-come-ar-a-limpar\AUDITORIA_MELHORES_RESULTADOS_2026_06_22\10_varredura_C_D\04_D_8h_alt_filtrada_bacia\modelos_mat\mdl_alt8h_filtro356_local_st_ant_itui_nh6_nit10_cic40000.mat
A15: Arquivo gerado | B15: C:\Users\Usuario\Documents\Codex\2026-06-06\agora-quero-come-ar-a-limpar\AUDITORIA_MELHORES_RESULTADOS_2026_06_22\00_PLANILHAS_PADRAO_BONS_RESULTADOS\01_8h_alt_local_st_ant_itui_PERS_TESTE_0739.xlsx
A16: Gerado em | B16: 2026-06-22 10:45:42
A18: Como auditar rapidamente | B18: Filtre a aba AUDITORIA por CONJUNTO=Teste. Confira OBSERVADO_CM, RNA_CM, PERSISTENCIA_CM, E2_RNA e E2_PERS. A aba METRICAS recalcula PERS.

Sheet AUDITORIA
A1: linha_excel | B1: data_hora | C1: ANO | D1: MES | E1: DIA | F1: HORA | G1: MINUTO | H1: COD_SEQUENCIAL | I1: EVENTO | J1: SERIE | K1: CONJUNTO | L1: inp01_nível_86472600 | M1: inp02_nivel (D-1h)_86472600 | N1: inp03_nivel (D-2h)_86472600 | O1: inp04_nivel (D-10h)_86125130 | P1: inp05_nivel (D-1h)_86472000 | Q1: NIVEL_ATUAL_CM | R1: DELTA_OU_ALVO_CM | S1: OBSERVADO_CM | T1: RNA_CM | U1: PERSISTENCIA_CM | V1: ERRO_RNA_CM | W1: ERRO_ABS_CM | X1: ERRO_PERSISTENCIA_CM | Y1: E2_RNA | Z1: E2_PERS
A2: 3 | B2: 2023-06-15 18:00 | C2: 2023 | D2: 6 | E2: 15 | F2: 18 | G2: 0 | H2: 202306151800 | I2: 2 | J2: 2 | K2: Validacao | L2: 336 | M2: 33 | N2: 51 | O2: 22 | P2: 7 | Q2: 336 | R2: 155 | S2: 491 | T2: 448.9918 | U2: 336 | V2: =T2-S2 | W2: =ABS(V2) | X2: =U2-S2 | Y2: =V2^2 | Z2: =X2^2
A3: 4 | B3: 2023-06-15 19:00 | C3: 2023 | D3: 6 | E3: 15 | F3: 19 | G3: 0 | H3: 202306151900 | I3: 2 | J3: 2 | K3: Validacao | L3: 367 | M3: 31 | N3: 64 | O3: 27 | P3: 9 | Q3: 367 | R3: 122 | S3: 489 | T3: 493.12607 | U3: 367 | V3: =T3-S3 | W3: =ABS(V3) | X3: =U3-S3 | Y3: =V3^2 | Z3: =X3^2
A4: 5 | B4: 2023-06-15 20:00 | C4: 2023 | D4: 6 | E4: 15 | F4: 20 | G4: 0 | H4: 202306152000 | I4: 2 | J4: 2 | K4: Validacao | L4: 387 | M4: 20 | N4: 51 | O4: 35 | P4: 14 | Q4: 387 | R4: 99 | S4: 486 | T4: 521.35035 | U4: 387 | V4: =T4-S4 | W4: =ABS(V4) | X4: =U4-S4 | Y4: =V4^2 | Z4: =X4^2
A5: 6 | B5: 2023-06-15 21:00 | C5: 2023 | D5: 6 | E5: 15 | F5: 21 | G5: 0 | H5: 202306152100 | I5: 2 | J5: 2 | K5: Validacao | L5: 400 | M5: 13 | N5: 33 | O5: 39 | P5: 18 | Q5: 400 | R5: 89 | S5: 489 | T5: 536.00842 | U5: 400 | V5: =T5-S5 | W5: =ABS(V5) | X5: =U5-S5 | Y5: =V5^2 | Z5: =X5^2
A6: 7 | B6: 2023-06-15 22:00 | C6: 2023 | D6: 6 | E6: 15 | F6: 22 | G6: 0 | H6: 202306152200 | I6: 2 | J6: 2 | K6: Validacao | L6: 426 | M6: 26 | N6: 39 | O6: 33 | P6: 18 | Q6: 426 | R6: 70 | S6: 496 | T6: 593.34535 | U6: 426 | V6: =T6-S6 | W6: =ABS(V6) | X6: =U6-S6 | Y6: =V6^2 | Z6: =X6^2
A7: 8 | B7: 2023-06-15 23:00 | C7: 2023 | D7: 6 | E7: 15 | F7: 23 | G7: 0 | H7: 202306152300 | I7: 2 | J7: 2 | K7: Validacao | L7: 446.6 | M7: 20.6 | N7: 46.6 | O7: 34 | P7: 14 | Q7: 446.6 | R7: 62.4 | S7: 509 | T7: 577.91167 | U7: 446.6 | V7: =T7-S7 | W7: =ABS(V7) | X7: =U7-S7 | Y7: =V7^2 | Z7: =X7^2
A8: 9 | B8: 2023-06-16 00:00 | C8: 2023 | D8: 6 | E8: 16 | F8: 0 | G8: 0 | H8: 202306160000 | I8: 2 | J8: 2 | K8: Validacao | L8: 465 | M8: 18.4 | N8: 39 | O8: 36 | P8: 7 | Q8: 465 | R8: 80 | S8: 545 | T8: 584.50111 | U8: 465 | V8: =T8-S8 | W8: =ABS(V8) | X8: =U8-S8 | Y8: =V8^2 | Z8: =X8^2
A9: 10 | B9: 2023-06-16 01:00 | C9: 2023 | D9: 6 | E9: 16 | F9: 1 | G9: 0 | H9: 202306160100 | I9: 2 | J9: 2 | K9: Validacao | L9: 483 | M9: 18 | N9: 36.4 | O9: 36 | P9: -3 | Q9: 483 | R9: 142 | S9: 625 | T9: 580.66012 | U9: 483 | V9: =T9-S9 | W9: =ABS(V9) | X9: =U9-S9 | Y9: =V9^2 | Z9: =X9^2
A10: 11 | B10: 2023-06-16 02:00 | C10: 2023 | D10: 6 | E10: 16 | F10: 2 | G10: 0 | H10: 202306160200 | I10: 2 | J10: 2 | K10: Validacao | L10: 491 | M10: 8 | N10: 26 | O10: 38 | P10: -7 | Q10: 491 | R10: 208 | S10: 699 | T10: 548.00109 | U10: 491 | V10: =T10-S10 | W10: =ABS(V10) | X10: =U10-S10 | Y10: =V10^2 | Z10: =X10^2
A11: 12 | B11: 2023-06-16 03:00 | C11: 2023 | D11: 6 | E11: 16 | F11: 3 | G11: 0 | H11: 202306160300 | I11: 2 | J11: 2 | K11: Validacao | L11: 489 | M11: -2 | N11: 6 | O11: 42 | P11: -2 | Q11: 489 | R11: 281 | S11: 770 | T11: 562.55097 | U11: 489 | V11: =T11-S11 | W11: =ABS(V11) | X11: =U11-S11 | Y11: =V11^2 | Z11: =X11^2
A12: 13 | B12: 2023-06-16 04:00 | C12: 2023 | D12: 6 | E12: 16 | F12: 4 | G12: 0 | H12: 202306160400 | I12: 2 | J12: 2 | K12: Validacao | L12: 486 | M12: -3 | N12: -5 | O12: 41 | P12: 5 | Q12: 486 | R12: 348 | S12: 834 | T12: 590.33668 | U12: 486 | V12: =T12-S12 | W12: =ABS(V12) | X12: =U12-S12 | Y12: =V12^2 | Z12: =X12^2
A13: 14 | B13: 2023-06-16 05:00 | C13: 2023 | D13: 6 | E13: 16 | F13: 5 | G13: 0 | H13: 202306160500 | I13: 2 | J13: 2 | K13: Validacao | L13: 489 | M13: 3 | N13: 0 | O13: 40 | P13: 20 | Q13: 489 | R13: 378 | S13: 867 | T13: 639.48829 | U13: 489 | V13: =T13-S13 | W13: =ABS(V13) | X13: =U13-S13 | Y13: =V13^2 | Z13: =X13^2
... A672: 1070 | B672: 2024-05-02 01:00 | C672: 2024 | D672: 5 | E672: 2 | F672: 1 | G672: 0 | H672: 202405020100 | I672: 8 | J672: 1 | K672: Treino | L672: 2172 | M672: -19 | N672: -34 | O672: 72 | P672: 26 | Q672: 2172 | R672: -49 | S672: 2123 | T672: 2132.8345 | U672: 2172 | V672: =T672-S672 | W672: =ABS(V672) | X672: =U672-S672 | Y672: =V672^2 | Z672: =X672^2

Sheet INPUTS
A1: ordem | B1: nome_na_aba_auditoria | C1: variavel | D1: codigo | E1: coluna_origem | F1: cabecalho_linha1 | G1: cabecalho_linha2
A2: 1 | B2: inp01_nível_86472600 | C2: nível | D2: 86472600 | E2: I | F2: nível | G2: 86472600
A3: 2 | B3: inp02_nivel (D-1h)_86472600 | C3: nivel (D-1h) | D3: 86472600 | E3: J | F3: nivel (D-1h) | G3: 86472600
A4: 3 | B4: inp03_nivel (D-2h)_86472600 | C4: nivel (D-2h) | D4: 86472600 | E4: K | F4: nivel (D-2h) | G4: 86472600
A5: 4 | B5: inp04_nivel (D-10h)_86125130 | C5: nivel (D-10h) | D5: 86125130 | E5: L | F5: nivel (D-10h) | G5: 86125130
A6: 5 | B6: inp05_nivel (D-1h)_86472000 | C6: nivel (D-1h) | D6: 86472000 | E6: M | F6: nivel (D-1h) | G6: 86472000

Sheet METRICAS
A1: CONJUNTO | B1: N | C1: PERS_CALCULADO | D1: MAE_CM | E1: RMSE_CM
A2: GERAL | B2: =COUNT(AUDITORIA!$S$2:$S$672) | C2: =IFERROR(1-SUM(AUDITORIA!$Y$2:$Y$672)/SUM(AUDITORIA!$Z$2:$Z$672),"") | D2: =AVERAGE(AUDITORIA!$W$2:$W$672) | E2: =SQRT(AVERAGE(AUDITORIA!$Y$2:$Y$672))
A3: Treino | B3: =COUNTIF(AUDITORIA!$K$2:$K$672,A3) | C3: =IFERROR(1-SUMIF(AUDITORIA!$K$2:$K$672,A3,AUDITORIA!$Y$2:$Y$672)/SUMIF(AUDITORIA!$K$2:$K$672,A3,AUDITORIA!$Z$2:$Z$672),"") | D3: =IFERROR(AVERAGEIF(AUDITORIA!$K$2:$K$672,A3,AUDITORIA!$W$2:$W$672),"") | E3: =IFERROR(SQRT(SUMIF(AUDITORIA!$K$2:$K$672,A3,AUDITORIA!$Y$2:$Y$672)/B3),"")
A4: Validacao | B4: =COUNTIF(AUDITORIA!$K$2:$K$672,A4) | C4: =IFERROR(1-SUMIF(AUDITORIA!$K$2:$K$672,A4,AUDITORIA!$Y$2:$Y$672)/SUMIF(AUDITORIA!$K$2:$K$672,A4,AUDITORIA!$Z$2:$Z$672),"") | D4: =IFERROR(AVERAGEIF(AUDITORIA!$K$2:$K$672,A4,AUDITORIA!$W$2:$W$672),"") | E4: =IFERROR(SQRT(SUMIF(AUDITORIA!$K$2:$K$672,A4,AUDITORIA!$Y$2:$Y$672)/B4),"")
A5: Teste | B5: =COUNTIF(AUDITORIA!$K$2:$K$672,A5) | C5: =IFERROR(1-SUMIF(AUDITORIA!$K$2:$K$672,A5,AUDITORIA!$Y$2:$Y$672)/SUMIF(AUDITORIA!$K$2:$K$672,A5,AUDITORIA!$Z$2:$Z$672),"") | D5: =IFERROR(AVERAGEIF(AUDITORIA!$K$2:$K$672,A5,AUDITORIA!$W$2:$W$672),"") | E5: =IFERROR(SQRT(SUMIF(AUDITORIA!$K$2:$K$672,A5,AUDITORIA!$Y$2:$Y$672)/B5),"")
A8: Metrica da fonte/MATLAB
A9: Metrica usada para selecionar | B9: PERS_TESTE
A10: Valor selecionado | B10: 0.73933196
A11: PERS no .mat | B11: 0.73933196
A12: NASH teste no .mat | B12: 0.93799977
A13: NASH validacao no .mat | B13: 0.90446947
A14: MAE teste no .mat | B14: 0.068052709
A15: E95 teste no .mat | B15: 158.18665
A16: nh | B16: 6
A17: nit | B17: 10
A18: Cic | B18: 40000
A19: J | B19: 39999
